"Status","Name","Duration in ms","Description"
"passed","Just a simple demo: Sum of two","1",""
"passed","RestCall basics: Rest Call GET","89",""
"failed","Check the HomePage: user can search Shopery","6946",""
"passed","Just a simple demo: Sum of two","1",""
"failed","Google Api books: User calls web service to get a book by it's ISBN","1465",""
"broken","Check the HomePage: user can search Shopery","146",""
"passed","BaseAllure.CalculatorTest.sum","1",""
"failed","BaseAllure.CalculatorTest.subtract","10",""
"failed","Check the Movistar.com: user can navigate and search results on Movistar.com","8089",""
"passed","Just a simple demo: Sum of two","1",""
"failed","BaseAllure.CalculatorTest.multiply","1",""
"unknown","RestCall basics: Rest Call POST","0",""
"failed","Check the www.telefonica.com: user can navigate and search results in responsive mobile mode on www.telefonica.com","6964",""
"broken","Google Search: Search on Google","1511",""
"broken","Check the HomePage: user can search XBOX","227",""
"broken","Check the HomePage: user can search XBOX","6599",""
